{"cameraMode":{"drawMode":0,"name":"Shaded","section":"Shading Mode"},"sceneLighting":true,"audioPlay":false,"sceneViewState":{"m_AlwaysRefresh":false,"showFog":true,"showSkybox":true,"showFlares":true,"showImageEffects":true,"showParticleSystems":true,"showVisualEffectGraphs":true,"m_FxEnabled":true},"in2DMode":false,"pivot":{"x":-1.0673980712890626,"y":0.4362637996673584,"z":-1.553761601448059},"rotation":{"x":0.14010931551456452,"y":-0.8535495400428772,"z":0.29350054264068606,"w":0.4073178768157959},"size":2.9768927097320558,"orthographic":false}