{"cameraMode":{"drawMode":0,"name":"Shaded","section":"Shading Mode"},"sceneLighting":true,"audioPlay":false,"sceneViewState":{"m_AlwaysRefresh":false,"showFog":true,"showSkybox":true,"showFlares":true,"showImageEffects":true,"showParticleSystems":true,"showVisualEffectGraphs":true,"m_FxEnabled":true},"in2DMode":false,"pivot":{"x":0.19614338874816895,"y":2.3684561252593996,"z":0.45975399017333987},"rotation":{"x":0.1472999006509781,"y":-0.8262888193130493,"z":0.25260230898857119,"w":0.4816357493400574},"size":4.007038116455078,"orthographic":false}