{"cameraMode":{"drawMode":0,"name":"Shaded","section":"Shading Mode"},"sceneLighting":false,"audioPlay":false,"sceneViewState":{"m_AlwaysRefresh":false,"showFog":true,"showSkybox":false,"showFlares":true,"showImageEffects":true,"showParticleSystems":true,"showVisualEffectGraphs":true,"m_FxEnabled":true},"in2DMode":false,"pivot":{"x":-0.5899999141693115,"y":-1.940000057220459,"z":0.4399999976158142},"rotation":{"x":0.012670882977545262,"y":-0.9781051278114319,"z":0.19753886759281159,"w":0.06758292764425278},"size":1.5540006160736085,"orthographic":false}